user_id,created_at,country,plan_type,user_age,post_id,post_category,post_created_at,votes_received,user_total_posts,days_since_signup,device_type,created_at_dt,post_created_at_dt,days_calc,plan_type_clean,post_category_clean,device_type_clean,days_since_signup_calc,reason_code
U01754,2025-01-17T07:05:21,US,free,39,P0007502,sports,2024-12-18T16:05:21,3,6,0,web,2025-01-17 07:05:21,2024-12-18 16:05:21,-30.0,free,sports,web,-30.0,post_before_signup|
U00707,2024-10-07T17:32:12,MX,pro,27,P0003002,gaming,2024-09-27T12:32:12,13,11,0,mobile,2024-10-07 17:32:12,2024-09-27 12:32:12,-10.0,pro,gaming,mobile,-10.0,post_before_signup|
U00503,2025-01-13T13:27:33,US,FREE,16,P0002095, health ,2024-12-14T01:27:33,7,9,0,web,2025-01-13 13:27:33,2024-12-14 01:27:33,-30.0,free,health,web,-30.0,post_before_signup|
U01763,2024-12-02T12:42:25,BR,free,39,P0007543, music ,2024-11-08T11:42:25,5,13,0,web,2024-12-02 12:42:25,2024-11-08 11:42:25,-24.0,free,music,web,-24.0,post_before_signup|
U01122,2024-04-28T09:03:25,US,pro,22,P0004783,education,2024-03-29T16:03:25,11,6,0,mobile,2024-04-28 09:03:25,2024-03-29 16:03:25,-30.0,pro,education,mobile,-30.0,post_before_signup|
U00530,2024-07-13T01:31:07,US,free,25,P0002209,finance,2024-07-03T07:31:07,11,6,0,web,2024-07-13 01:31:07,2024-07-03 07:31:07,-10.0,free,finance,web,-10.0,post_before_signup|
U01435,2025-08-29T03:19:13,US,free,36,P0006144,music,2025-08-15T02:19:13,0,10,0,web,2025-08-29 03:19:13,2025-08-15 02:19:13,-14.0,free,music,web,-14.0,post_before_signup|
U01785,2024-04-30T02:20:44,MX,free,26,P0007643,sports,2024-03-30T23:20:44,10,3,0,mobile,2024-04-30 02:20:44,2024-03-30 23:20:44,-30.0,free,sports,mobile,-30.0,post_before_signup|
U00778,2025-06-20T03:24:23,US,free,28,P0003338,Music,2025-05-22T10:24:23,9,6,0,web,2025-06-20 03:24:23,2025-05-22 10:24:23,-29.0,free,music,web,-29.0,post_before_signup|
U00856,2024-12-16T12:52:44,BR,free,23,P0003699,travel,2024-11-24T02:52:44,9,6,0,mobile,2024-12-16 12:52:44,2024-11-24 02:52:44,-22.0,free,travel,mobile,-22.0,post_before_signup|
U00156,2024-12-08T22:29:25,MX,free,21,P0000683,music,2024-11-11T07:29:25,7,3,0,mobile,2024-12-08 22:29:25,2024-11-11 07:29:25,-28.0,free,music,mobile,-28.0,post_before_signup|
U00314,2025-11-23T11:00:37,CL,free,25,P0001394,sports,2025-11-21T09:00:37,7,3,0,mobile,2025-11-23 11:00:37,2025-11-21 09:00:37,-2.0,free,sports,mobile,-2.0,post_before_signup|
U01936,2024-02-01T20:08:44,US,free,42,P0008298,gaming,2024-01-29T03:08:44,4,15,0,mobile,2024-02-01 20:08:44,2024-01-29 03:08:44,-4.0,free,gaming,mobile,-4.0,post_before_signup|
U00137,2024-03-12T19:58:23,BR,free,32,P0000587,tech,2024-03-03T10:58:23,4,22,0,web,2024-03-12 19:58:23,2024-03-03 10:58:23,-9.0,free,tech,web,-9.0,post_before_signup|
U01145,2024-07-22T02:43:00,CL,pro,24,P0004871,education,2024-06-30T13:43:00,4,5,0,web,2024-07-22 02:43:00,2024-06-30 13:43:00,-22.0,pro,education,web,-22.0,post_before_signup|
U01566,2025-02-02T01:10:19,PY,free,30,P0006689,Tech,2025-01-23T09:10:19,4,6,0,web,2025-02-02 01:10:19,2025-01-23 09:10:19,-10.0,free,tech,web,-10.0,post_before_signup|
U00529,2025-03-28T06:48:17,US,free,22,P0002200,SCIENCE,2025-02-27T17:48:17,12,6,0,web,2025-03-28 06:48:17,2025-02-27 17:48:17,-29.0,free,science,web,-29.0,post_before_signup|
U01936,2024-02-01T20:08:44,US,free,42,P0008289,music,2024-01-18T13:08:44,4,15,0,mobile,2024-02-01 20:08:44,2024-01-18 13:08:44,-14.0,free,music,mobile,-14.0,post_before_signup|
U01376,2025-06-07T16:33:51,MX,free,20,P0005880,tech,2025-05-14T10:33:51,3,18,0,web,2025-06-07 16:33:51,2025-05-14 10:33:51,-24.0,free,tech,web,-24.0,post_before_signup|
U00909,2024-08-21T13:25:38,US,free,25,P0003911,education,2024-08-01T10:25:38,4,14,0,mobile,2024-08-21 13:25:38,2024-08-01 10:25:38,-20.0,free,education,mobile,-20.0,post_before_signup|
U01872,2024-10-18T07:47:02,ES,pro,32,P0008044,tech,2024-09-18T15:47:02,8,2,0,mobile,2024-10-18 07:47:02,2024-09-18 15:47:02,-30.0,pro,tech,mobile,-30.0,post_before_signup|
U01884,2024-07-22T02:36:25,CO,pro,31,P0008110,finance,2024-06-30T11:36:25,2,5,0,mobile,2024-07-22 02:36:25,2024-06-30 11:36:25,-22.0,pro,finance,mobile,-22.0,post_before_signup|
U00938,2024-01-17T08:32:05,CO,free,26,P0004057,finance,2023-12-26T00:32:05,12,2,0,web,2024-01-17 08:32:05,2023-12-26 00:32:05,-22.0,free,finance,web,-22.0,post_before_signup|
U00646,2025-03-29T12:16:42,ES,free,19,P0002674,education,2025-03-25T22:16:42,6,4,0,mobile,2025-03-29 12:16:42,2025-03-25 22:16:42,-4.0,free,education,mobile,-4.0,post_before_signup|
U01397,2024-12-30T01:52:42,BR,free,30,P0005977,science,2024-12-05T14:52:42,5,7,0,web,2024-12-30 01:52:42,2024-12-05 14:52:42,-24.0,free,science,web,-24.0,post_before_signup|
U00980,2024-04-10T17:59:36,AR,free,,P0004248,SCIENCE,2024-03-28T21:59:36,3,14,0,desktop,2024-04-10 17:59:36,2024-03-28 21:59:36,-13.0,free,science,desktop,-13.0,post_before_signup|
U01052,2025-05-07T19:15:52,CL,pro,28,P0004533,gaming,2025-04-28T18:15:52,2,3,0,web,2025-05-07 19:15:52,2025-04-28 18:15:52,-9.0,pro,gaming,web,-9.0,post_before_signup|
U00819,2024-04-26T02:18:59,BR,free,26,P0003551,travel,2024-03-28T17:18:59,10,29,0,web,2024-04-26 02:18:59,2024-03-28 17:18:59,-28.0,free,travel,web,-28.0,post_before_signup|
U00356,2025-08-22T03:30:27,MX,free,18,P0001567,music,2025-07-22T21:30:27,6,6,0,web,2025-08-22 03:30:27,2025-07-22 21:30:27,-30.0,free,music,web,-30.0,post_before_signup|
U01746,2025-10-10T00:12:03,PE,free,25,P0007459,finance,2025-09-20T16:12:03,5,9,0,web,2025-10-10 00:12:03,2025-09-20 16:12:03,-19.0,free,finance,web,-19.0,post_before_signup|
U01098,2024-03-24T08:07:40,CL,free,29,P0004691,science,2024-03-06T17:07:40,9,3,0,web,2024-03-24 08:07:40,2024-03-06 17:07:40,-18.0,free,science,web,-18.0,post_before_signup|
U00207,2024-02-03T03:31:49,PY,FREE,37,P0000905,gaming,2024-01-18T23:31:49,5,17,0,mobile,2024-02-03 03:31:49,2024-01-18 23:31:49,-15.0,free,gaming,mobile,-15.0,post_before_signup|
U00082,2024-05-13T18:02:08,BR,free,36,P0000313,science,2024-05-03T23:02:08,1,10,0,desktop,2024-05-13 18:02:08,2024-05-03 23:02:08,-10.0,free,science,desktop,-10.0,post_before_signup|
U00976,2024-12-20T17:16:17,BR,enterprise,28,P0004230,tech,2024-12-15T19:16:17,3,15,0,web,2024-12-20 17:16:17,2024-12-15 19:16:17,-5.0,enterprise,tech,web,-5.0,post_before_signup|
U00741,2025-03-07T12:13:22,CL,pro,16,P0003166,tech,2025-02-18T16:13:22,18,5,1,mobile,2025-03-07 12:13:22,2025-02-18 16:13:22,-17.0,pro,tech,mobile,-17.0,post_before_signup|
U00909,2024-08-21T13:25:38,US,free,25,P0003909,science,2024-08-08T12:25:38,8,14,0,web,2024-08-21 13:25:38,2024-08-08 12:25:38,-13.0,free,science,web,-13.0,post_before_signup|
U01415,2024-12-24T07:16:48,UY,pro,30,P0006039, sport ,2024-11-29T12:16:48,15,10,0,web,2024-12-24 07:16:48,2024-11-29 12:16:48,-25.0,pro,sports,web,-25.0,post_before_signup|
U00576,2024-02-10T22:47:44,PY,FreE,16,P0002432,music,2024-01-21T13:47:44,8,9,0,web,2024-02-10 22:47:44,2024-01-21 13:47:44,-20.0,free,music,web,-20.0,post_before_signup|
U01396,2025-06-16T20:42:27,MX,pro,20,P0005974,gaming,2025-06-12T04:42:27,10,1,0,mobile,2025-06-16 20:42:27,2025-06-12 04:42:27,-5.0,pro,gaming,mobile,-5.0,post_before_signup|
U00278,2025-02-06T12:25:28,UY,free,41,P0001235,tech,2025-02-04T00:25:28,6,6,0,web,2025-02-06 12:25:28,2025-02-04 00:25:28,-2.0,free,tech,web,-2.0,post_before_signup|
U00257,2024-05-18T17:45:48,CO,free,17,P0001113, travel ,2024-05-15T20:45:48,2,18,0,mobile,2024-05-18 17:45:48,2024-05-15 20:45:48,-3.0,free,travel,mobile,-3.0,post_before_signup|
U01988,2025-02-18T02:07:44,PY,pro,26,P0008520, science ,2025-01-18T11:07:44,15,16,0,mobile,2025-02-18 02:07:44,2025-01-18 11:07:44,-31.0,pro,science,mobile,-31.0,post_before_signup|
U00145,2025-01-20T14:31:09,CO,free,16,P0000637,finance,2025-01-07T06:31:09,7,6,0,mobile,2025-01-20 14:31:09,2025-01-07 06:31:09,-13.0,free,finance,mobile,-13.0,post_before_signup|
U01235,2025-08-02T05:27:42,PY,free,33,P0005287,finance,2025-07-19T21:27:42,11,5,0,web,2025-08-02 05:27:42,2025-07-19 21:27:42,-13.0,free,finance,web,-13.0,post_before_signup|
U01176,2025-10-21T16:23:29,MX,free,24,P0005016,TECH,2025-10-11T15:23:29,12,12,0,mobile,2025-10-21 16:23:29,2025-10-11 15:23:29,-10.0,free,tech,mobile,-10.0,post_before_signup|
U01078,2024-09-17T11:05:16,PE,free,34,P0004615,sports,2024-09-05T11:05:16,3,6,0,mobile,2024-09-17 11:05:16,2024-09-05 11:05:16,-12.0,free,sports,mobile,-12.0,post_before_signup|
U00166,2025-10-20T09:39:41,CL,enterprise,30,P0000721,health,2025-10-05T13:39:41,10,1,0,web,2025-10-20 09:39:41,2025-10-05 13:39:41,-15.0,enterprise,health,web,-15.0,post_before_signup|
U00626,2024-11-13T10:34:04,US,pro,34,P0002595,tech,2024-11-06T05:34:04,13,1,0,web,2024-11-13 10:34:04,2024-11-06 05:34:04,-7.0,pro,tech,web,-7.0,post_before_signup|
U01149,2025-03-23T15:50:37,PY,free,30,P0004886,science,2025-02-27T23:50:37,5,15,0,web,2025-03-23 15:50:37,2025-02-27 23:50:37,-24.0,free,science,web,-24.0,post_before_signup|
U00652,2025-06-18T11:01:43,US,free,28,P0002705,gaming,2025-05-29T01:01:43,3,2,0,web,2025-06-18 11:01:43,2025-05-29 01:01:43,-20.0,free,gaming,web,-20.0,post_before_signup|
U00189,2024-03-15T14:27:34,BR,free,33,P0000817,science,2024-02-29T04:27:34,13,20,0,desktop,2024-03-15 14:27:34,2024-02-29 04:27:34,-15.0,free,science,desktop,-15.0,post_before_signup|
U00919,2025-07-10T13:56:10,ES,free,24,P0003952,gaming,2025-06-25T12:56:10,3,3,0,web,2025-07-10 13:56:10,2025-06-25 12:56:10,-15.0,free,gaming,web,-15.0,post_before_signup|
U01748,2024-05-28T13:17:51,CO,free,,P0007472,life,2024-05-05T14:17:51,12,12,0,web,2024-05-28 13:17:51,2024-05-05 14:17:51,-23.0,free,life,web,-23.0,post_before_signup|
U01878,2025-04-05T06:14:26,BR,pro,16,P0008069,TECH,2025-03-11T17:14:26,4,18,0,mobile,2025-04-05 06:14:26,2025-03-11 17:14:26,-25.0,pro,tech,mobile,-25.0,post_before_signup|
U00189,2024-03-15T14:27:34,BR,free,33,P0000819,travel,2024-03-05T13:27:34,3,20,0,web,2024-03-15 14:27:34,2024-03-05 13:27:34,-10.0,free,travel,web,-10.0,post_before_signup|
U01585,2024-03-12T07:46:01,CL,pro,25,P0006790,music,2024-02-12T09:46:01,19,16,0,desktop,2024-03-12 07:46:01,2024-02-12 09:46:01,-29.0,pro,music,desktop,-29.0,post_before_signup|
U01787,2024-03-06T23:00:44,ES,FreE,18,P0007650,sports,2024-02-27T13:00:44,3,11,0,web,2024-03-06 23:00:44,2024-02-27 13:00:44,-8.0,free,sports,web,-8.0,post_before_signup|
U01970,2024-07-17T04:55:03,CO,free,34,P0008426,life,2024-07-04T15:55:03,11,10,0,web,2024-07-17 04:55:03,2024-07-04 15:55:03,-13.0,free,life,web,-13.0,post_before_signup|
U01413,2025-01-22T02:09:31,AR,free,32,P0006022,health,2024-12-25T16:09:31,6,9,0,web,2025-01-22 02:09:31,2024-12-25 16:09:31,-27.0,free,health,web,-27.0,post_before_signup|
U00886,2025-01-21T16:50:48,MX,free,,P0003832,music,2024-12-26T13:50:48,6,10,0,web,2025-01-21 16:50:48,2024-12-26 13:50:48,-26.0,free,music,web,-26.0,post_before_signup|
U01381,2025-12-05T12:02:37,CO,free,23,P0005928,health,2025-11-04T15:02:37,1,5,0,mobile,2025-12-05 12:02:37,2025-11-04 15:02:37,-31.0,free,health,mobile,-31.0,post_before_signup|
U00754,2025-03-07T04:56:28,BR,free,,P0003216, tech ,2025-02-15T11:56:28,3,10,0,web,2025-03-07 04:56:28,2025-02-15 11:56:28,-20.0,free,tech,web,-20.0,post_before_signup|
U00549,2025-08-17T22:06:21,MX,free,41,P0002298,finanse,2025-08-14T18:06:21,9,1,0,web,2025-08-17 22:06:21,2025-08-14 18:06:21,-3.0,free,finance,web,-3.0,post_before_signup|
U00120,2025-06-16T10:48:28,ES,free,25,P0000520,travel,2025-05-28T23:48:28,8,4,0,web,2025-06-16 10:48:28,2025-05-28 23:48:28,-18.0,free,travel,web,-18.0,post_before_signup|
U01914,2025-05-22T21:09:54,AR,enterprise,30,P0008211,travel,2025-04-26T12:09:54,1,8,0,mobile,2025-05-22 21:09:54,2025-04-26 12:09:54,-26.0,enterprise,travel,mobile,-26.0,post_before_signup|
U01486,2024-03-12T01:23:49,MX,free,19,P0006325,tech,2024-03-02T09:23:49,6,8,0,web,2024-03-12 01:23:49,2024-03-02 09:23:49,-10.0,free,tech,web,-10.0,post_before_signup|
U01615,2025-04-12T12:16:55,PY,free,48,P0006951,gaming,2025-03-14T16:16:55,7,9,0,web,2025-04-12 12:16:55,2025-03-14 16:16:55,-29.0,free,gaming,web,-29.0,post_before_signup|
U01878,2025-04-05T06:14:26,BR,pro,16,P0008070,education,2025-03-10T11:14:26,19,18,0,web,2025-04-05 06:14:26,2025-03-10 11:14:26,-26.0,pro,education,web,-26.0,post_before_signup|
U01378,2025-06-19T18:02:45,US,pro,26,P0005902,travel,2025-05-20T09:02:45,8,22,0,mobile,2025-06-19 18:02:45,2025-05-20 09:02:45,-30.0,pro,travel,mobile,-30.0,post_before_signup|
U01614,2024-12-19T21:30:15,US,free,16,P0006947,science,2024-12-15T20:30:15,8,3,0,desktop,2024-12-19 21:30:15,2024-12-15 20:30:15,-4.0,free,science,desktop,-4.0,post_before_signup|
U01847,2025-01-09T07:22:05,UY,free,,P0007932,music,2024-12-23T13:22:05,18,1,0,desktop,2025-01-09 07:22:05,2024-12-23 13:22:05,-17.0,free,music,desktop,-17.0,post_before_signup|
U00630,2025-01-20T12:39:41,PY,pro,36,P0002602,finance,2025-01-10T18:39:41,3,6,0,web,2025-01-20 12:39:41,2025-01-10 18:39:41,-10.0,pro,finance,web,-10.0,post_before_signup|
U00014,2025-06-06T13:49:13,BR,pro,,P0000043,life,2025-05-25T04:49:13,9,21,0,mobile,2025-06-06 13:49:13,2025-05-25 04:49:13,-12.0,pro,life,mobile,-12.0,post_before_signup|
U00379,2024-10-05T11:02:56,AR,enterprise,17,P0001656,gaming,2024-09-05T17:02:56,23,2,0,web,2024-10-05 11:02:56,2024-09-05 17:02:56,-30.0,enterprise,gaming,web,-30.0,post_before_signup|
U01302,2025-05-13T16:06:16,MX,PRO,29,P0005569,science,2025-04-12T19:06:16,16,9,0,web,2025-05-13 16:06:16,2025-04-12 19:06:16,-31.0,pro,science,web,-31.0,post_before_signup|
U01368,2025-07-08T13:28:34,US,free,44,P0005834,sports,2025-06-22T01:28:34,7,11,0,mobile,2025-07-08 13:28:34,2025-06-22 01:28:34,-16.0,free,sports,mobile,-16.0,post_before_signup|
U00165,2024-02-05T07:53:48,US,free,31,P0000716,sports,2024-01-12T07:53:48,9,9,0,mobile,2024-02-05 07:53:48,2024-01-12 07:53:48,-24.0,free,sports,mobile,-24.0,post_before_signup|
U00215,2024-01-31T09:15:15,BR,free,33,P0000936,GAMING,2024-01-08T08:15:15,11,11,0,web,2024-01-31 09:15:15,2024-01-08 08:15:15,-23.0,free,gaming,web,-23.0,post_before_signup|
U00158,2025-07-08T02:10:17,MX,pro,16,P0000687,health,2025-06-28T10:10:17,12,2,0,desktop,2025-07-08 02:10:17,2025-06-28 10:10:17,-10.0,pro,health,desktop,-10.0,post_before_signup|
U01097,2024-09-01T06:32:17,BR,free,,P0004682,sports,2024-08-10T21:32:17,12,13,0,web,2024-09-01 06:32:17,2024-08-10 21:32:17,-21.0,free,sports,web,-21.0,post_before_signup|
U00421,2024-10-28T05:18:37,MX,free,34,P0001797,music,2024-10-09T23:18:37,9,3,0,mobile,2024-10-28 05:18:37,2024-10-09 23:18:37,-18.0,free,music,mobile,-18.0,post_before_signup|
U00164,2024-06-07T00:42:41,MX,free,17,P0000710,finance,2024-05-22T05:42:41,13,2,0,web,2024-06-07 00:42:41,2024-05-22 05:42:41,-16.0,free,finance,web,-16.0,post_before_signup|
U00983,2024-04-03T16:24:49,BR,free,30,P0004264,health,2024-03-27T16:24:49,8,10,0,web,2024-04-03 16:24:49,2024-03-27 16:24:49,-7.0,free,health,web,-7.0,post_before_signup|
U00359,2024-10-15T22:01:10,BR,PRO,21,P0001574, finance ,2024-10-13T05:01:10,12,2,0,web,2024-10-15 22:01:10,2024-10-13 05:01:10,-3.0,pro,finance,web,-3.0,post_before_signup|
U01269,2025-01-01T16:22:36,US,pro,26,P0005432,tech,2024-12-07T11:22:36,9,6,0,web,2025-01-01 16:22:36,2024-12-07 11:22:36,-25.0,pro,tech,web,-25.0,post_before_signup|
U00289,2025-06-01T03:12:37,US,enterprise,41,P0001277,sports,2025-05-19T08:12:37,3,8,0,web,2025-06-01 03:12:37,2025-05-19 08:12:37,-13.0,enterprise,sports,web,-13.0,post_before_signup|
U01714,2024-08-21T20:01:59,BR,Free,,P0007351,health,2024-07-25T23:01:59,8,15,0,mobile,2024-08-21 20:01:59,2024-07-25 23:01:59,-27.0,free,health,mobile,-27.0,post_before_signup|
U01008,2024-12-28T04:22:48,CO,pro,,P0004345,life,2024-12-19T19:22:48,6,26,0,web,2024-12-28 04:22:48,2024-12-19 19:22:48,-8.0,pro,life,web,-8.0,post_before_signup|
U01685,2024-11-29T09:07:45,CO,free,42,P0007240,life,2024-11-21T03:07:45,10,4,0,mobile,2024-11-29 09:07:45,2024-11-21 03:07:45,-8.0,free,life,mobile,-8.0,post_before_signup|
U01054,2024-11-05T00:43:18,PE,free,24,P0004545,gamming,2024-10-07T19:43:18,6,10,0,web,2024-11-05 00:43:18,2024-10-07 19:43:18,-28.0,free,gaming,web,-28.0,post_before_signup|
U00516,2024-04-12T20:16:22,US,free,32,P0002153,sports,2024-03-30T15:16:22,5,28,0,desktop,2024-04-12 20:16:22,2024-03-30 15:16:22,-13.0,free,sports,desktop,-13.0,post_before_signup|
U00349,2025-12-28T12:28:47,BR,free,26,P0001541,tech,2025-12-15T20:28:47,23,1,0,web,2025-12-28 12:28:47,2025-12-15 20:28:47,-13.0,free,tech,web,-13.0,post_before_signup|
U00665,2024-11-03T04:05:20,MX,free,22,P0002787,music,2024-10-16T18:05:20,10,1,0,web,2024-11-03 04:05:20,2024-10-16 18:05:20,-17.0,free,music,web,-17.0,post_before_signup|
U00243,2025-02-03T13:41:27,PY,free,35,P0001060,finance,2025-01-31T12:41:27,2,15,0,mobile,2025-02-03 13:41:27,2025-01-31 12:41:27,-3.0,free,finance,mobile,-3.0,post_before_signup|
U20001,2025-02-30T10:00:00,PY,pro,29,P0099001,tech,2025-03-01T10:00:00,4,3,1,web,,2025-03-01 10:00:00,,pro,tech,web,,created_at_unparseable|
U20002,2025-04-10T09:15:00,BR,premium,34,P0099002,finance,2025-04-12T12:00:00,8,5,2,mobile,2025-04-10 09:15:00,2025-04-12 12:00:00,2.0,,finance,mobile,2.0,plan_type_out_of_dict|
U20003,2025-01-05T08:00:00,US,free,22,P0099003,health,2025-01-07T18:00:00,1,2,2,tablet,2025-01-05 08:00:00,2025-01-07 18:00:00,2.0,free,health,,2.0,device_type_out_of_dict|
U20004,2024-11-20T14:30:00,AR,pro,41,P0099004,politics,2024-11-25T09:00:00,6,7,5,desktop,2024-11-20 14:30:00,2024-11-25 09:00:00,5.0,pro,,desktop,5.0,category_out_of_dict|
U20005,2025-06-01T00:00:00,CL,vip,27,P0099005,mistery,2025-06-02T00:00:00,3,1,1,console,2025-06-01 00:00:00,2025-06-02 00:00:00,1.0,,,,1.0,plan_type_out_of_dict|category_out_of_dict|device_type_out_of_dict|
U20007,2025-03-15T12:00:00,MX,enterprise,38,P0099007,science,2025-99-99T00:00:00,5,10,10,web,2025-03-15 12:00:00,,,enterprise,science,web,,post_created_at_unparseable|
U20009,2025-08-01T10:10:10,CO,enterprise+,45,P0099009,education,2025-08-03T10:10:10,0,2,2,desktop,2025-08-01 10:10:10,2025-08-03 10:10:10,2.0,,education,desktop,2.0,plan_type_out_of_dict|
U00215,2024-01-31T09:15:15,BR,free,33,P0000941,tech,2024-02-14T15:55:59,13,11,14,web,2024-01-31 09:15:15,2024-02-14 15:55:59,14.0,free,tech,web,14.0,duplicate_row
U00262,2025-07-14T05:20:06,PY,pro,36,P0001157,music,2025-09-05T15:00:09,6,19,53,desktop,2025-07-14 05:20:06,2025-09-05 15:00:09,53.0,pro,music,desktop,53.0,duplicate_row
U01818,2025-01-08T04:53:40,BR,free,33,P0007811,science,2025-01-09T12:39:03,4,6,1,mobile,2025-01-08 04:53:40,2025-01-09 12:39:03,1.0,free,science,mobile,1.0,duplicate_row
U01973,2025-10-24T22:25:45,AR,free,34,P0008441,science,2025-11-28T17:17:48,18,3,35,web,2025-10-24 22:25:45,2025-11-28 17:17:48,35.0,free,science,web,35.0,duplicate_row
U00975,2024-01-31T21:40:14,BR,Free,45,P0004221,sports,2024-02-13T11:43:03,6,4,13,mobile,2024-01-31 21:40:14,2024-02-13 11:43:03,13.0,free,sports,mobile,13.0,duplicate_row
U01710,2025-01-22T14:24:00,PE,FREE,30,P0007335,sports,2025-01-30T18:52:50,0,1,8,mobile,2025-01-22 14:24:00,2025-01-30 18:52:50,8.0,free,sports,mobile,8.0,duplicate_row
U00014,2025-06-06T13:49:13,BR,pro,,P0000042,finanse,2025-07-08T06:09:27,7,21,32,mobile,2025-06-06 13:49:13,2025-07-08 06:09:27,32.0,pro,finance,mobile,32.0,duplicate_row
U00257,2024-05-18T17:45:48,CO,Free,17,P0001116,music,2024-08-11T13:25:52,9,18,85,desktop,2024-05-18 17:45:48,2024-08-11 13:25:52,85.0,free,music,desktop,85.0,duplicate_row
U01344,2024-01-02T17:13:57,US,pro,23,P0005742,tech,2024-01-04T10:16:17,21,6,2,mobile,2024-01-02 17:13:57,2024-01-04 10:16:17,2.0,pro,tech,mobile,2.0,duplicate_row
U00395,2024-10-23T11:46:18,PY,free,24,P0001704,Tech,2024-11-17T17:42:35,4,6,25,web,2024-10-23 11:46:18,2024-11-17 17:42:35,25.0,free,tech,web,25.0,duplicate_row
U00680,2024-02-26T11:04:14,AR,free,25,P0002865, education ,2024-03-02T11:22:46,5,4,5,desktop,2024-02-26 11:04:14,2024-03-02 11:22:46,5.0,free,education,desktop,5.0,duplicate_row
U01472,2025-05-27T04:29:54,US,pro,,P0006273,sports,2025-05-28T02:35:03,10,13,1,mobile,2025-05-27 04:29:54,2025-05-28 02:35:03,1.0,pro,sports,mobile,1.0,duplicate_row
U01052,2025-05-07T19:15:52,CL,pro,28,P0004533,gaming,2025-04-28T18:15:52,2,3,0,web,2025-05-07 19:15:52,2025-04-28 18:15:52,-9.0,pro,gaming,web,-9.0,duplicate_row
U01502,2025-10-15T18:04:58,BR,free,22,P0006422,tech,2025-11-12T17:37:44,3,6,28,mobile,2025-10-15 18:04:58,2025-11-12 17:37:44,28.0,free,tech,mobile,28.0,duplicate_row
U01185,2024-02-20T02:29:12,BR,free,35,P0005049,tech,2024-02-28T10:52:25,1,8,8,mobile,2024-02-20 02:29:12,2024-02-28 10:52:25,8.0,free,tech,mobile,8.0,duplicate_row
U00301,2025-12-13T08:11:01,BR,pro,16,P0001335,life,2025-12-31T10:16:24,4,5,18,mobile,2025-12-13 08:11:01,2025-12-31 10:16:24,18.0,pro,life,mobile,18.0,duplicate_row
U01880,2024-11-05T20:01:07,MX,free,29,P0008090,sports,2025-04-03T17:30:00,9,15,149,web,2024-11-05 20:01:07,2025-04-03 17:30:00,149.0,free,sports,web,149.0,duplicate_row
U00712,2024-05-03T11:06:39,US,pro,17,P0003044,TECH,2024-06-20T06:40:55,10,11,48,web,2024-05-03 11:06:39,2024-06-20 06:40:55,48.0,pro,tech,web,48.0,duplicate_row
U01543,2025-01-08T13:58:32,BR,pro,32,P0006604,science,2025-01-20T05:08:19,3,5,12,web,2025-01-08 13:58:32,2025-01-20 05:08:19,12.0,pro,science,web,12.0,duplicate_row
U01375,2024-11-06T03:16:27,BR,free,33,P0005868,gaming,2024-11-11T15:32:41,18,5,5,web,2024-11-06 03:16:27,2024-11-11 15:32:41,6.0,free,gaming,web,6.0,duplicate_row
U00650,2025-09-28T14:38:35,PY,free,28,P0002699,sports,2025-11-11T12:07:23,7,14,44,web,2025-09-28 14:38:35,2025-11-11 12:07:23,44.0,free,sports,web,44.0,duplicate_row
U01087,2024-12-09T19:15:34,AR,free,31,P0004642,HEALTH,2024-12-11T10:29:18,4,4,2,mobile,2024-12-09 19:15:34,2024-12-11 10:29:18,2.0,free,health,mobile,2.0,duplicate_row
U01695,2025-11-06T04:16:05,BR,free,28,P0007284,gaming,2025-11-08T16:22:46,1,5,2,web,2025-11-06 04:16:05,2025-11-08 16:22:46,3.0,free,gaming,web,3.0,duplicate_row
U01175,2024-09-25T17:53:50,BR,free,23,P0005004,tech,2024-09-27T18:51:18,6,1,2,mobile,2024-09-25 17:53:50,2024-09-27 18:51:18,2.0,free,tech,mobile,2.0,duplicate_row
U01493,2025-06-13T17:18:16,US,free,50,P0006359,education,2025-07-30T15:45:21,0,4,47,web,2025-06-13 17:18:16,2025-07-30 15:45:21,47.0,free,education,web,47.0,duplicate_row
U00980,2024-04-10T17:59:36,AR,free,,P0004255,tech,2024-06-07T04:05:53,5,14,58,desktop,2024-04-10 17:59:36,2024-06-07 04:05:53,57.0,free,tech,desktop,57.0,duplicate_row
U01592,2024-04-02T04:55:01,AR,free,25,P0006837,finance,2024-06-23T23:48:55,0,17,82,desktop,2024-04-02 04:55:01,2024-06-23 23:48:55,83.0,free,finance,desktop,83.0,duplicate_row
U00404,2024-11-27T12:31:44,US,FreE,30,P0001745,travel,2024-12-21T16:33:04,15,7,24,web,2024-11-27 12:31:44,2024-12-21 16:33:04,24.0,free,travel,web,24.0,duplicate_row
U01818,2025-01-08T04:53:40,BR,free,33,P0007810,health,2025-01-09T09:38:27,3,6,1,mobile,2025-01-08 04:53:40,2025-01-09 09:38:27,1.0,free,health,mobile,1.0,duplicate_row
U00267,2024-09-11T17:19:10,AR,free,25,P0001189,travel,2025-01-06T06:05:07,14,25,117,mobile,2024-09-11 17:19:10,2025-01-06 06:05:07,117.0,free,travel,mobile,117.0,duplicate_row
U00640,2024-09-19T05:48:36,MX,pro,35,P0002654,tech,2024-11-15T18:16:34,4,15,57,mobile,2024-09-19 05:48:36,2024-11-15 18:16:34,58.0,pro,tech,mobile,58.0,duplicate_row
U01630,2024-01-06T00:51:05,BR,free,31,P0007011,gaming,2024-01-17T15:44:20,7,4,11,web,2024-01-06 00:51:05,2024-01-17 15:44:20,12.0,free,gaming,web,12.0,duplicate_row
U00682,2025-06-17T14:24:12,US,free,24,P0002878,sports,2025-08-14T18:15:55,1,11,58,mobile,2025-06-17 14:24:12,2025-08-14 18:15:55,58.0,free,sports,mobile,58.0,duplicate_row
U00304,2024-03-10T11:40:19,AR,free,16,P0001351,Tech,2024-03-20T10:07:01,8,3,10,web,2024-03-10 11:40:19,2024-03-20 10:07:01,10.0,free,tech,web,10.0,duplicate_row
U01967,2024-05-15T06:02:08,PE,free,26,P0008409,science,2024-06-07T05:04:54,3,4,23,mobile,2024-05-15 06:02:08,2024-06-07 05:04:54,23.0,free,science,mobile,23.0,duplicate_row
U01585,2024-03-12T07:46:01,CL,pro,25,P0006792,life,2024-05-08T17:47:44,7,16,57,desktop,2024-03-12 07:46:01,2024-05-08 17:47:44,57.0,pro,life,desktop,57.0,duplicate_row
U00432,2025-04-11T02:25:31,MX,free,26,P0001821,education,2025-04-20T21:40:54,7,3,9,web,2025-04-11 02:25:31,2025-04-20 21:40:54,10.0,free,education,web,10.0,duplicate_row
U01763,2024-12-02T12:42:25,BR,free,39,P0007543, music ,2024-11-08T11:42:25,5,13,0,web,2024-12-02 12:42:25,2024-11-08 11:42:25,-24.0,free,music,web,-24.0,duplicate_row
U00313,2025-07-06T12:48:31,BR,free,21,P0001393,finance,2025-07-16T23:55:38,11,4,10,mobile,2025-07-06 12:48:31,2025-07-16 23:55:38,10.0,free,finance,mobile,10.0,duplicate_row
U00267,2024-09-11T17:19:10,AR,free,25,P0001173,education,2024-10-03T03:35:49,2,25,22,mobile,2024-09-11 17:19:10,2024-10-03 03:35:49,21.0,free,education,mobile,21.0,duplicate_row
U01903,2024-05-24T03:19:30,ES,free,25,P0008185,tech,2024-05-24T15:31:49,7,1,0,mobile,2024-05-24 03:19:30,2024-05-24 15:31:49,1.0,free,tech,mobile,1.0,duplicate_row
U00403,2025-04-14T07:23:23,BR,enterprise,18,P0001737,gaming,2025-04-23T22:12:07,3,5,9,mobile,2025-04-14 07:23:23,2025-04-23 22:12:07,10.0,enterprise,gaming,mobile,10.0,duplicate_row
U01047,2025-02-21T23:15:50,AR,pro,28,P0004513,education,2025-03-10T09:18:15,26,9,17,web,2025-02-21 23:15:50,2025-03-10 09:18:15,16.0,pro,education,web,16.0,duplicate_row
U00821,2024-04-30T04:21:22,MX,free,19,P0003561,tech,2024-05-25T10:24:24,0,21,25,mobile,2024-04-30 04:21:22,2024-05-25 10:24:24,25.0,free,tech,mobile,25.0,duplicate_row
U00967,2024-01-17T02:25:23,ES,free,24,P0004174,gaming,2024-05-24T05:55:29,8,38,128,web,2024-01-17 02:25:23,2024-05-24 05:55:29,128.0,free,gaming,web,128.0,duplicate_row
U01211,2024-05-18T14:48:29,CL,free,28,P0005186,gaming,2024-05-22T07:46:16,2,9,4,mobile,2024-05-18 14:48:29,2024-05-22 07:46:16,4.0,free,gaming,mobile,4.0,duplicate_row
U00256,2024-07-17T14:27:19,AR,free,,P0001106,GAMING,2024-07-22T22:22:20,3,3,5,mobile,2024-07-17 14:27:19,2024-07-22 22:22:20,5.0,free,gaming,mobile,5.0,duplicate_row
U00148,2024-05-11T01:50:20,US,free,16,P0000648,finance,2024-08-02T07:26:12,11,8,83,web,2024-05-11 01:50:20,2024-08-02 07:26:12,83.0,free,finance,web,83.0,duplicate_row
U00257,2024-05-18T17:45:48,CO,FREE,17,P0001117,gaming,2024-08-12T15:48:17,9,18,86,web,2024-05-18 17:45:48,2024-08-12 15:48:17,86.0,free,gaming,web,86.0,duplicate_row
U01445,2025-09-18T20:51:10,ES,free,16,P0006170,finanse,2025-10-19T07:46:36,6,8,31,mobile,2025-09-18 20:51:10,2025-10-19 07:46:36,30.0,free,finance,mobile,30.0,duplicate_row
U01588,2025-08-30T16:09:59,PY,free,44,P0006808,tech,2025-09-08T21:47:11,3,3,9,web,2025-08-30 16:09:59,2025-09-08 21:47:11,9.0,free,tech,web,9.0,duplicate_row
U01089,2025-05-10T12:15:03,AR,free,23,P0004648,music,2025-05-15T19:51:05,1,6,5,web,2025-05-10 12:15:03,2025-05-15 19:51:05,5.0,free,music,web,5.0,duplicate_row
U00467,2025-01-20T13:13:51,MX,free,28,P0001949,Tech,2025-06-18T05:37:45,9,8,149,web,2025-01-20 13:13:51,2025-06-18 05:37:45,149.0,free,tech,web,149.0,duplicate_row
U00795,2025-11-23T10:20:52,PY,free,28,P0003415,finance,2025-12-15T05:47:04,2,7,22,web,2025-11-23 10:20:52,2025-12-15 05:47:04,22.0,free,finance,web,22.0,duplicate_row
U01526,2025-12-31T11:38:22,CO,pro,16,P0006544,music,2025-12-31T21:11:34,11,1,0,web,2025-12-31 11:38:22,2025-12-31 21:11:34,0.0,pro,music,web,0.0,duplicate_row
U00736,2024-03-23T10:52:30,US,FREE,28,P0003140,education,2024-05-04T16:18:28,3,13,42,web,2024-03-23 10:52:30,2024-05-04 16:18:28,42.0,free,education,web,42.0,duplicate_row
U00367,2025-05-20T02:12:18,US,free,,P0001611,sports,2025-06-05T14:19:17,6,5,16,mobile,2025-05-20 02:12:18,2025-06-05 14:19:17,17.0,free,sports,mobile,17.0,duplicate_row
U00886,2025-01-21T16:50:48,MX,free,,P0003837,sports,2025-02-11T16:48:27,10,10,21,mobile,2025-01-21 16:50:48,2025-02-11 16:48:27,21.0,free,sports,mobile,21.0,duplicate_row
U01012,2025-06-17T04:31:53,ES,enterprise,38,P0004376,Education,2025-06-19T07:04:16,5,7,2,web,2025-06-17 04:31:53,2025-06-19 07:04:16,2.0,enterprise,education,web,2.0,duplicate_row
U01760,2025-10-30T19:48:42,BR,free,29,P0007535,sports,2025-12-28T11:39:25,11,10,59,web,2025-10-30 19:48:42,2025-12-28 11:39:25,59.0,free,sports,web,59.0,duplicate_row
U01310,2024-01-08T05:19:40,AR,free,21,P0005595,finance,2024-01-21T09:02:39,0,4,13,mobile,2024-01-08 05:19:40,2024-01-21 09:02:39,13.0,free,finance,mobile,13.0,duplicate_row
U01455,2025-02-13T08:57:53,US,free,41,P0006218,tech,2025-03-11T04:16:39,16,7,26,mobile,2025-02-13 08:57:53,2025-03-11 04:16:39,26.0,free,tech,mobile,26.0,duplicate_row
U00442,2024-06-27T21:29:45,MX,free,27,P0001847,health,2024-06-28T10:24:35,7,12,1,web,2024-06-27 21:29:45,2024-06-28 10:24:35,1.0,free,health,web,1.0,duplicate_row
U01997,2024-08-09T13:05:59,PE,pro,46,P0008583,health,2024-10-03T06:45:06,10,13,55,web,2024-08-09 13:05:59,2024-10-03 06:45:06,55.0,pro,health,web,55.0,duplicate_row
U01831,2025-09-02T05:40:39,CO,free,34,P0007854,education,2025-09-15T22:34:05,7,4,13,web,2025-09-02 05:40:39,2025-09-15 22:34:05,14.0,free,education,web,14.0,duplicate_row
U01782,2024-03-06T06:08:28,US,free,24,P0007636,health,2024-03-18T06:38:32,4,3,12,web,2024-03-06 06:08:28,2024-03-18 06:38:32,12.0,free,health,web,12.0,duplicate_row
U01989,2025-03-21T06:33:07,BR,free,,P0008536,finance,2025-06-03T04:25:31,1,13,74,desktop,2025-03-21 06:33:07,2025-06-03 04:25:31,74.0,free,finance,desktop,74.0,duplicate_row
U00885,2025-03-22T09:05:16,US,pro,21,P0003810,sports,2025-09-10T04:45:03,7,35,172,mobile,2025-03-22 09:05:16,2025-09-10 04:45:03,172.0,pro,sports,mobile,172.0,duplicate_row
U01379,2025-05-24T23:35:06,BR,free,26,P0005917,travel,2025-08-22T08:40:21,13,8,90,web,2025-05-24 23:35:06,2025-08-22 08:40:21,89.0,free,travel,web,89.0,duplicate_row
U01432,2024-06-22T06:55:35,CO,PRO,21,P0006128,life,2024-06-22T19:36:26,1,4,0,mobile,2024-06-22 06:55:35,2024-06-22 19:36:26,1.0,pro,life,mobile,1.0,duplicate_row
U01085,2024-02-12T18:08:15,US,free,40,P0004635,music,2024-03-31T22:45:05,3,9,48,web,2024-02-12 18:08:15,2024-03-31 22:45:05,48.0,free,music,web,48.0,duplicate_row
U00967,2024-01-17T02:25:23,ES,free,24,P0004192,science,2025-01-12T00:43:56,4,38,361,mobile,2024-01-17 02:25:23,2025-01-12 00:43:56,361.0,free,science,mobile,361.0,duplicate_row
U00661,2024-09-09T09:05:31,US,free,29,P0002759,tech,2024-10-16T19:18:51,1,9,37,web,2024-09-09 09:05:31,2024-10-16 19:18:51,37.0,free,tech,web,37.0,duplicate_row
U00821,2024-04-30T04:21:22,MX,free,19,P0003558,finance,2024-05-03T11:58:00,14,21,3,mobile,2024-04-30 04:21:22,2024-05-03 11:58:00,3.0,free,finance,mobile,3.0,duplicate_row
U00811,2024-12-06T02:10:41,BR,free,28,P0003492,science,2025-03-06T12:12:52,4,22,91,web,2024-12-06 02:10:41,2025-03-06 12:12:52,90.0,free,science,web,90.0,duplicate_row
U00778,2025-06-20T03:24:23,US,free,28,P0003340,sports,2025-09-26T08:10:44,17,6,98,web,2025-06-20 03:24:23,2025-09-26 08:10:44,98.0,free,sports,web,98.0,duplicate_row
U00478,2025-08-02T22:01:31,MX, enterprise ,25,P0001992,life,2025-08-15T14:30:35,9,5,13,web,2025-08-02 22:01:31,2025-08-15 14:30:35,13.0,enterprise,life,web,13.0,duplicate_row
U01046,2025-04-23T08:28:42,MX,free,28,P0004503,gaming,2025-06-03T05:57:34,7,11,41,web,2025-04-23 08:28:42,2025-06-03 05:57:34,41.0,free,gaming,web,41.0,duplicate_row
U01933,2025-10-21T02:23:25,MX,free,27,P0008279,music,2025-10-22T10:59:22,3,2,1,web,2025-10-21 02:23:25,2025-10-22 10:59:22,1.0,free,music,web,1.0,duplicate_row
U01183,2024-11-20T07:41:57,PE,free,28,P0005038,tech,2024-12-06T23:31:22,10,5,16,mobile,2024-11-20 07:41:57,2024-12-06 23:31:22,17.0,free,tech,mobile,17.0,duplicate_row
U01008,2024-12-28T04:22:48,CO,pro,,P0004340,science,2025-01-14T21:19:35,5,26,17,web,2024-12-28 04:22:48,2025-01-14 21:19:35,18.0,pro,science,web,18.0,duplicate_row
U01332,2024-12-03T05:33:38,US,free,43,P0005679,education,2024-12-03T10:57:50,10,2,0,web,2024-12-03 05:33:38,2024-12-03 10:57:50,0.0,free,education,web,0.0,duplicate_row
U00236,2025-06-22T07:49:10,BR,free,27,P0001020,travel,2025-07-13T08:28:22,5,9,21,mobile,2025-06-22 07:49:10,2025-07-13 08:28:22,21.0,free,travel,mobile,21.0,duplicate_row
U01765,2024-07-04T05:24:56,US,pro,,P0007553,travel,2024-07-06T17:33:54,22,1,2,web,2024-07-04 05:24:56,2024-07-06 17:33:54,3.0,pro,travel,web,3.0,duplicate_row
U01709,2024-09-23T06:47:51,US,free,29,P0007332,finance,2024-10-21T21:12:21,3,5,28,mobile,2024-09-23 06:47:51,2024-10-21 21:12:21,29.0,free,finance,mobile,29.0,duplicate_row
U01378,2025-06-19T18:02:45,US,pro,26,P0005895,sports,2025-08-14T10:33:54,6,22,56,mobile,2025-06-19 18:02:45,2025-08-14 10:33:54,56.0,pro,sports,mobile,56.0,duplicate_row
U01843,2024-05-09T17:31:38,PY,free,33,P0007913, health ,2024-08-03T00:29:18,1,31,86,web,2024-05-09 17:31:38,2024-08-03 00:29:18,85.0,free,health,web,85.0,duplicate_row
U00014,2025-06-06T13:49:13,BR,pro,,P0000059,tech,2025-10-01T15:41:22,10,21,117,web,2025-06-06 13:49:13,2025-10-01 15:41:22,117.0,pro,tech,web,117.0,duplicate_row
U00851,2024-06-20T14:27:18,BR,FreE,18,P0003680,tech,2024-06-26T03:30:29,7,5,6,mobile,2024-06-20 14:27:18,2024-06-26 03:30:29,6.0,free,tech,mobile,6.0,duplicate_row
U00306,2025-09-12T11:25:14,AR,free,35,P0001360,music,2025-10-20T01:43:42,6,9,38,mobile,2025-09-12 11:25:14,2025-10-20 01:43:42,38.0,free,music,mobile,38.0,duplicate_row
U01645,2025-01-16T10:50:53,AR,free,30,P0007101,sports,2025-07-20T04:24:34,6,19,185,mobile,2025-01-16 10:50:53,2025-07-20 04:24:34,185.0,free,sports,mobile,185.0,duplicate_row
U00087,2024-01-08T12:18:18,ES,Free,23,P0000356,life,2024-04-26T16:07:24,4,39,109,web,2024-01-08 12:18:18,2024-04-26 16:07:24,109.0,free,life,web,109.0,duplicate_row
U00279,2024-02-27T10:02:36,US,pro,19,P0001238,travel,2024-03-02T22:42:06,25,11,4,web,2024-02-27 10:02:36,2024-03-02 22:42:06,5.0,pro,travel,web,5.0,duplicate_row
U00342,2024-02-09T01:38:40,MX,free,,P0001497,tech,2024-02-20T18:03:33,12,5,11,desktop,2024-02-09 01:38:40,2024-02-20 18:03:33,12.0,free,tech,desktop,12.0,duplicate_row
U01647,2024-01-22T21:19:06,PY,free,24,P0007111,health,2024-01-31T19:37:29,16,3,9,web,2024-01-22 21:19:06,2024-01-31 19:37:29,9.0,free,health,web,9.0,duplicate_row
U01029,2024-05-19T07:46:19,US,free,16,P0004449,finance,2024-06-09T14:17:01,2,7,21,mobile,2024-05-19 07:46:19,2024-06-09 14:17:01,21.0,free,finance,mobile,21.0,duplicate_row
U01920,2025-07-26T08:59:53,US,free,,P0008237,tech,2025-08-12T19:05:04,6,7,17,mobile,2025-07-26 08:59:53,2025-08-12 19:05:04,17.0,free,tech,mobile,17.0,duplicate_row
U01551,2024-01-13T15:01:18,PY,free,22,P0006639,science,2024-03-15T19:54:39,3,7,62,web,2024-01-13 15:01:18,2024-03-15 19:54:39,62.0,free,science,web,62.0,duplicate_row
U01016,2024-03-16T13:12:37,CL,free,34,P0004400,education,2024-06-03T22:15:44,4,14,79,web,2024-03-16 13:12:37,2024-06-03 22:15:44,79.0,free,education,web,79.0,duplicate_row
U00926,2024-05-08T11:44:19,AR,free,32,P0003987,music,2024-06-08T07:01:13,5,8,31,mobile,2024-05-08 11:44:19,2024-06-08 07:01:13,31.0,free,music,mobile,31.0,duplicate_row
U01158,2025-07-04T23:34:27,AR,free,23,P0004935,travel,2025-08-31T20:48:21,11,25,58,web,2025-07-04 23:34:27,2025-08-31 20:48:21,58.0,free,travel,web,58.0,duplicate_row
U00913,2024-04-08T08:52:44,AR,free,24,P0003929,science,2024-05-01T12:07:40,4,3,23,web,2024-04-08 08:52:44,2024-05-01 12:07:40,23.0,free,science,web,23.0,duplicate_row
U00972,2024-07-18T23:28:04,US,free,16,P0004214,music,2024-07-19T08:20:39,6,2,1,mobile,2024-07-18 23:28:04,2024-07-19 08:20:39,0.0,free,music,mobile,0.0,duplicate_row
U00670,2025-06-08T10:24:10,US,pro,25,P0002819,health,2025-08-18T05:44:17,9,20,71,mobile,2025-06-08 10:24:10,2025-08-18 05:44:17,71.0,pro,health,mobile,71.0,duplicate_row
U00860,2024-05-17T13:03:17,BR,free,27,P0003715,health,2024-07-20T14:12:51,5,9,64,web,2024-05-17 13:03:17,2024-07-20 14:12:51,64.0,free,health,web,64.0,duplicate_row
U00660,2024-02-02T13:06:11,CO,free,40,P0002752,sports,2024-02-06T02:14:47,9,2,4,web,2024-02-02 13:06:11,2024-02-06 02:14:47,4.0,free,sports,web,4.0,duplicate_row
U01482,2025-01-05T09:01:06,CL,free,21,P0006313,health,2025-01-15T18:30:36,0,5,10,web,2025-01-05 09:01:06,2025-01-15 18:30:36,10.0,free,health,web,10.0,duplicate_row
U01057,2025-03-18T22:40:34,US,free,23,P0004561,education,2025-03-22T22:24:31,10,3,4,mobile,2025-03-18 22:40:34,2025-03-22 22:24:31,4.0,free,education,mobile,4.0,duplicate_row
U00188,2024-05-12T09:06:05,MX,free,34,P0000809,gaming,2024-08-20T14:10:20,3,14,100,mobile,2024-05-12 09:06:05,2024-08-20 14:10:20,100.0,free,gaming,mobile,100.0,duplicate_row
U01170,2024-05-28T16:57:34,PY,pro,,P0004994,sports,2024-07-20T11:31:49,9,7,53,web,2024-05-28 16:57:34,2024-07-20 11:31:49,53.0,pro,sports,web,53.0,duplicate_row
U00159,2025-11-15T06:33:30,BR,free,44,P0000693,music,2025-12-06T06:07:58,1,6,21,web,2025-11-15 06:33:30,2025-12-06 06:07:58,21.0,free,music,web,21.0,duplicate_row
U00120,2025-06-16T10:48:28,ES,free,25,P0000520,travel,2025-05-28T23:48:28,8,4,0,web,2025-06-16 10:48:28,2025-05-28 23:48:28,-18.0,free,travel,web,-18.0,duplicate_row
U00860,2024-05-17T13:03:17,BR,free,27,P0003716,life,2024-07-21T16:11:41,7,9,65,web,2024-05-17 13:03:17,2024-07-21 16:11:41,65.0,free,life,web,65.0,duplicate_row
U01800,2025-04-13T16:56:34,AR,free,33,P0007733,music,2025-04-19T15:26:08,5,5,6,mobile,2025-04-13 16:56:34,2025-04-19 15:26:08,6.0,free,music,mobile,6.0,duplicate_row
U01966,2024-01-26T09:13:17,BR,free,35,P0008405,tech,2024-02-09T10:29:57,10,2,14,mobile,2024-01-26 09:13:17,2024-02-09 10:29:57,14.0,free,tech,mobile,14.0,duplicate_row
U00076,2025-11-26T18:15:56,ES,free,32,P0000285,tech,2025-12-07T11:31:13,14,8,11,mobile,2025-11-26 18:15:56,2025-12-07 11:31:13,11.0,free,tech,mobile,11.0,duplicate_row
U00476,2024-08-22T01:37:12,ES,free,34,P0001986,sports,2024-08-23T02:57:39,27,5,1,web,2024-08-22 01:37:12,2024-08-23 02:57:39,1.0,free,sports,web,1.0,duplicate_row
U01617,2024-08-23T07:21:26,MX,free,26,P0006960,education,2024-09-16T18:05:59,3,5,24,mobile,2024-08-23 07:21:26,2024-09-16 18:05:59,24.0,free,education,mobile,24.0,duplicate_row
U00364,2024-01-22T07:19:16,PY,free,20,P0001592,travel,2024-02-09T18:05:49,2,11,18,web,2024-01-22 07:19:16,2024-02-09 18:05:49,18.0,free,travel,web,18.0,duplicate_row
U01494,2024-01-17T17:03:12,ES,free,20,P0006368,life,2024-02-06T20:12:11,1,20,20,web,2024-01-17 17:03:12,2024-02-06 20:12:11,20.0,free,life,web,20.0,duplicate_row
U00932,2025-01-11T23:34:17,BR,PRo,,P0004037,gaming,2025-04-14T05:22:12,15,18,93,mobile,2025-01-11 23:34:17,2025-04-14 05:22:12,92.0,pro,gaming,mobile,92.0,duplicate_row
U01641,2025-07-31T10:47:46,CO,Free,21,P0007070,life,2025-10-02T01:34:45,9,11,63,desktop,2025-07-31 10:47:46,2025-10-02 01:34:45,63.0,free,life,desktop,63.0,duplicate_row
U02000,2024-04-23T01:47:05,AR,pro,17,P0008594,tech,2024-04-30T10:03:21,4,9,7,web,2024-04-23 01:47:05,2024-04-30 10:03:21,7.0,pro,tech,web,7.0,duplicate_row
U00267,2024-09-11T17:19:10,AR,free,25,P0001169,tech,2024-09-12T05:23:58,10,25,1,web,2024-09-11 17:19:10,2024-09-12 05:23:58,1.0,free,tech,web,1.0,duplicate_row
U01315,2024-02-07T00:41:37,US,pro,35,P0005615,finance,2024-03-17T23:39:08,0,5,39,mobile,2024-02-07 00:41:37,2024-03-17 23:39:08,40.0,pro,finance,mobile,40.0,duplicate_row
U01538,2024-05-30T21:28:09,US,free,26,P0006583,tech,2024-06-04T10:43:31,10,6,5,web,2024-05-30 21:28:09,2024-06-04 10:43:31,5.0,free,tech,web,5.0,duplicate_row
U00697,2024-03-10T04:04:55,US,free,26,P0002956,science,2024-03-19T11:47:56,12,13,9,mobile,2024-03-10 04:04:55,2024-03-19 11:47:56,9.0,free,science,mobile,9.0,duplicate_row
U00140,2024-03-20T00:14:18,MX,pro,33,P0000610,FINANCE,2024-03-23T00:48:59,11,7,3,web,2024-03-20 00:14:18,2024-03-23 00:48:59,3.0,pro,finance,web,3.0,duplicate_row
U00656,2025-07-04T10:01:45,BR,free,26,P0002737,gaming,2025-09-10T22:21:37,8,9,68,web,2025-07-04 10:01:45,2025-09-10 22:21:37,69.0,free,gaming,web,69.0,duplicate_row
U01138,2025-03-18T08:02:44,UY,free,30,P0004842,education,2025-03-28T01:21:25,7,5,10,mobile,2025-03-18 08:02:44,2025-03-28 01:21:25,10.0,free,education,mobile,10.0,duplicate_row
U01146,2024-04-26T16:33:56,BR, pro ,31,P0004874,finance,2024-04-28T03:33:49,18,1,2,web,2024-04-26 16:33:56,2024-04-28 03:33:49,1.0,pro,finance,web,1.0,duplicate_row
U00112,2024-09-22T11:21:20,CO,free,29,P0000472,tehc,2024-10-23T05:18:36,8,3,31,web,2024-09-22 11:21:20,2024-10-23 05:18:36,31.0,free,tech,web,31.0,duplicate_row
U00980,2024-04-10T17:59:36,AR,free,,P0004244,health,2024-04-13T06:38:12,15,14,3,mobile,2024-04-10 17:59:36,2024-04-13 06:38:12,3.0,free,health,mobile,3.0,duplicate_row
U00222,2025-05-09T19:22:22,BR,free,40,P0000967,tehc,2025-07-16T22:49:28,3,8,68,mobile,2025-05-09 19:22:22,2025-07-16 22:49:28,68.0,free,tech,mobile,68.0,duplicate_row
U01648,2025-02-19T01:37:13,PE,free,20,P0007113,tech,2025-02-23T04:29:54,8,3,4,mobile,2025-02-19 01:37:13,2025-02-23 04:29:54,4.0,free,tech,mobile,4.0,duplicate_row
U01721,2024-12-09T21:28:01,US,free,16,P0007374,travel,2024-12-11T12:50:18,7,4,2,mobile,2024-12-09 21:28:01,2024-12-11 12:50:18,2.0,free,travel,mobile,2.0,duplicate_row
U00560,2025-12-18T21:47:05,US,free,32,P0002350,life,2025-12-19T18:50:43,7,1,1,web,2025-12-18 21:47:05,2025-12-19 18:50:43,1.0,free,life,web,1.0,duplicate_row
U00267,2024-09-11T17:19:10,AR,free,25,P0001179,travel,2024-10-10T18:47:29,5,25,29,web,2024-09-11 17:19:10,2024-10-10 18:47:29,29.0,free,travel,web,29.0,duplicate_row
U00257,2024-05-18T17:45:48,CO,free,17,P0001121,travel,2024-08-20T10:53:45,8,18,94,desktop,2024-05-18 17:45:48,2024-08-20 10:53:45,94.0,free,travel,desktop,94.0,duplicate_row
U01344,2024-01-02T17:13:57,US,pro,23,P0005743,science,2024-02-08T07:23:03,2,6,37,mobile,2024-01-02 17:13:57,2024-02-08 07:23:03,37.0,pro,science,mobile,37.0,duplicate_row
U01703,2024-01-17T03:28:57,PE,ENTERPRISE,22,P0007307,music,2024-03-19T20:13:20,5,8,62,web,2024-01-17 03:28:57,2024-03-19 20:13:20,63.0,enterprise,music,web,63.0,duplicate_row
U01415,2024-12-24T07:16:48,UY,pro,30,P0006039, sport ,2024-11-29T12:16:48,15,10,0,web,2024-12-24 07:16:48,2024-11-29 12:16:48,-25.0,pro,sports,web,-25.0,duplicate_row
U00819,2024-04-26T02:18:59,BR,free,26,P0003552,science,2024-09-12T07:35:55,3,29,139,mobile,2024-04-26 02:18:59,2024-09-12 07:35:55,139.0,free,science,mobile,139.0,duplicate_row
U00547,2025-12-07T11:56:03,BR,pro,28,P0002289,finance,2025-12-07T23:06:15,3,1,0,web,2025-12-07 11:56:03,2025-12-07 23:06:15,0.0,pro,finance,web,0.0,duplicate_row
U01254,2025-01-03T09:34:44,CO,free,20,P0005381,tech,2025-04-20T04:49:16,2,12,107,mobile,2025-01-03 09:34:44,2025-04-20 04:49:16,107.0,free,tech,mobile,107.0,duplicate_row
U00495,2025-08-14T02:54:29,AR,free,34,P0002056,finance,2025-08-22T04:08:59,9,4,8,web,2025-08-14 02:54:29,2025-08-22 04:08:59,8.0,free,finance,web,8.0,duplicate_row
U01293,2024-01-29T21:09:45,AR,free,32,P0005525,life,2024-03-09T17:57:13,6,13,43,web,2024-01-29 21:09:45,2024-03-09 17:57:13,40.0,free,life,web,40.0,duplicate_row
U01200,2025-12-15T21:56:11,ES,Free,25,P0005116,sports,2025-12-19T13:42:33,7,1,4,web,2025-12-15 21:56:11,2025-12-19 13:42:33,4.0,free,sports,web,4.0,duplicate_row
U00606,2024-09-18T04:49:05,ES,pro,33,P0002533,SPORTS,2024-11-14T01:15:05,8,4,57,mobile,2024-09-18 04:49:05,2024-11-14 01:15:05,57.0,pro,sports,mobile,57.0,duplicate_row
U00925,2025-07-15T04:39:02,BR,free,16,P0003982,finance,2025-08-05T06:20:24,15,7,21,mobile,2025-07-15 04:39:02,2025-08-05 06:20:24,21.0,free,finance,mobile,21.0,duplicate_row
U01052,2025-05-07T19:15:52,CL,pro,28,P0004534,tech,2025-06-02T06:43:07,9,3,26,mobile,2025-05-07 19:15:52,2025-06-02 06:43:07,25.0,pro,tech,mobile,25.0,duplicate_row
U01541,2025-08-01T04:30:19,US,pro,45,P0006598,health,2025-08-13T18:45:16,8,10,12,mobile,2025-08-01 04:30:19,2025-08-13 18:45:16,13.0,pro,health,mobile,13.0,duplicate_row
U01801,2025-11-22T00:24:42,US,free,42,P0007736,science,2025-11-24T16:52:12,7,1,2,web,2025-11-22 00:24:42,2025-11-24 16:52:12,3.0,free,science,web,3.0,duplicate_row
U01916,2025-06-11T02:21:36,CL,free,21,P0008222,science,2025-07-14T00:43:36,3,8,33,web,2025-06-11 02:21:36,2025-07-14 00:43:36,33.0,free,science,web,33.0,duplicate_row
U01237,2025-09-24T07:24:21,CO,free,21,P0005294,life,2025-09-24T15:33:59,8,1,0,web,2025-09-24 07:24:21,2025-09-24 15:33:59,0.0,free,life,web,0.0,duplicate_row
U01694,2024-02-29T05:28:40,ES,free,36,P0007267,health,2024-03-29T14:10:05,14,18,29,mobile,2024-02-29 05:28:40,2024-03-29 14:10:05,29.0,free,health,mobile,29.0,duplicate_row
U00065,2025-10-20T00:20:36,MX,free,20,P0000246,sports,2025-10-22T18:17:58,6,12,2,web,2025-10-20 00:20:36,2025-10-22 18:17:58,3.0,free,sports,web,3.0,duplicate_row
U00664,2024-08-25T09:03:53,UY,enterprise,21,P0002783,life,2024-10-19T20:32:05,8,13,55,mobile,2024-08-25 09:03:53,2024-10-19 20:32:05,55.0,enterprise,life,mobile,55.0,duplicate_row
U00014,2025-06-06T13:49:13,BR,Pro ,,P0000049,Music,2025-07-27T17:01:43,0,21,51,web,2025-06-06 13:49:13,2025-07-27 17:01:43,51.0,pro,music,web,51.0,duplicate_row
U01044,2024-04-02T00:56:01,CL,free,38,P0004493,sports,2024-04-10T06:36:51,9,5,8,desktop,2024-04-02 00:56:01,2024-04-10 06:36:51,8.0,free,sports,desktop,8.0,duplicate_row
U00690,2025-05-08T17:32:48,ES,free,31,P0002915,finance,2025-05-23T19:01:17,1,10,15,mobile,2025-05-08 17:32:48,2025-05-23 19:01:17,15.0,free,finance,mobile,15.0,duplicate_row
U00698,2024-10-30T03:18:54,ES,free,26,P0002968,sports,2024-11-17T01:54:48,4,4,18,web,2024-10-30 03:18:54,2024-11-17 01:54:48,18.0,free,sports,web,18.0,duplicate_row
U01399,2025-01-08T11:49:05,MX,pro,25,P0005989,Science,2025-01-09T22:30:34,5,1,1,mobile,2025-01-08 11:49:05,2025-01-09 22:30:34,1.0,pro,science,mobile,1.0,duplicate_row
U01592,2024-04-02T04:55:01,AR,free,25,P0006834,life,2024-05-22T20:42:09,6,17,50,mobile,2024-04-02 04:55:01,2024-05-22 20:42:09,51.0,free,life,mobile,51.0,duplicate_row
U01816,2024-04-13T12:45:05,PE,free,21,P0007806,tech,2024-04-18T03:51:47,4,2,5,web,2024-04-13 12:45:05,2024-04-18 03:51:47,5.0,free,tech,web,5.0,duplicate_row
U00132,2024-09-11T05:14:19,AR,free,30,P0000567,travel,2024-09-14T12:55:20,9,3,3,mobile,2024-09-11 05:14:19,2024-09-14 12:55:20,3.0,free,travel,mobile,3.0,duplicate_row
U00949,2024-08-01T08:22:05,UY,free,26,P0004103,travel,2024-09-11T13:07:30,3,6,41,web,2024-08-01 08:22:05,2024-09-11 13:07:30,41.0,free,travel,web,41.0,duplicate_row
U00298,2025-07-09T19:54:32,PY,free,38,P0001325,life,2025-08-06T12:18:30,1,13,28,web,2025-07-09 19:54:32,2025-08-06 12:18:30,28.0,free,life,web,28.0,duplicate_row
U01378,2025-06-19T18:02:45,US,pro,26,P0005902,travel,2025-05-20T09:02:45,8,22,0,mobile,2025-06-19 18:02:45,2025-05-20 09:02:45,-30.0,pro,travel,mobile,-30.0,duplicate_row
U01862,2024-09-26T02:41:42,ES,free,26,P0007995,travel,2024-11-06T17:47:41,3,4,41,web,2024-09-26 02:41:42,2024-11-06 17:47:41,42.0,free,travel,web,42.0,duplicate_row
U00114,2025-07-13T09:31:05,BR,free,29,P0000497,life,2025-11-22T11:54:37,0,24,132,mobile,2025-07-13 09:31:05,2025-11-22 11:54:37,132.0,free,life,mobile,132.0,duplicate_row
U00393,2025-11-18T04:49:44,CL,free,28,P0001697,tech,2025-12-18T13:37:23,4,2,30,web,2025-11-18 04:49:44,2025-12-18 13:37:23,30.0,free,tech,web,30.0,duplicate_row
